<metadata xml:lang="ko"><Esri><CreaDate>20240127</CreaDate><CreaTime>14194600</CreaTime><ArcGISFormat>1.0</ArcGISFormat><SyncOnce>FALSE</SyncOnce><DataProperties><lineage><Process ToolSource="c:\program files (x86)\arcgis\desktop10.7\ArcToolbox\Toolboxes\Data Management Tools.tbx\DeleteField" Date="20240127" Time="141946">DeleteField T2023접경임상도_240126_UTMK조인 OBJECTID_1;MAP_LABEL_1</Process><Process ToolSource="c:\program files (x86)\arcgis\desktop10.7\ArcToolbox\Toolboxes\Analysis Tools.tbx\Erase" Date="20240129" Time="160341">Erase T2023접경임상도_240126_UTMK 변경된폴리곤_임상_E C:\Users\user\Desktop\2023임상도\##전국_통판용\23임상도_전국통판_임상도_240126_UTM-K.gdb\T2023접경임상도_240129_UTMK #</Process><Process ToolSource="c:\program files (x86)\arcgis\desktop10.7\ArcToolbox\Toolboxes\Data Management Tools.tbx\Merge" Date="20240129" Time="162407">Merge T2023접경임상도_240129_UTMK;T2023일반임상도_240125_UTMK C:\Users\user\Desktop\2023임상도\##전국_통판용\23임상도_전국통판_임상도_240126_UTM-K.gdb\T2023전국임상도_240129_UTMK "STORUNST "STORUNST" true true false 254 Text 0 0 ,First,#,T2023접경임상도_240129_UTMK,STORUNST,-1,-1,T2023일반임상도_240125_UTMK,STORUNST,-1,-1;FROR_CD "FROR_CD" true true false 254 Text 0 0 ,First,#,T2023접경임상도_240129_UTMK,FROR_CD,-1,-1,T2023일반임상도_240125_UTMK,FROR_CD,-1,-1;FRTP_CD "FRTP_CD" true true false 254 Text 0 0 ,First,#,T2023접경임상도_240129_UTMK,FRTP_CD,-1,-1,T2023일반임상도_240125_UTMK,FRTP_CD,-1,-1;KOFTR_GROU "KOFTR_GROU" true true false 254 Text 0 0 ,First,#,T2023접경임상도_240129_UTMK,KOFTR_GROU,-1,-1,T2023일반임상도_240125_UTMK,KOFTR_GROU,-1,-1;DMCLS_CD "DMCLS_CD" true true false 254 Text 0 0 ,First,#,T2023접경임상도_240129_UTMK,DMCLS_CD,-1,-1,T2023일반임상도_240125_UTMK,DMCLS_CD,-1,-1;AGCLS_CD "AGCLS_CD" true true false 254 Text 0 0 ,First,#,T2023접경임상도_240129_UTMK,AGCLS_CD,-1,-1,T2023일반임상도_240125_UTMK,AGCLS_CD,-1,-1;DNST_CD "DNST_CD" true true false 254 Text 0 0 ,First,#,T2023접경임상도_240129_UTMK,DNST_CD,-1,-1,T2023일반임상도_240125_UTMK,DNST_CD,-1,-1;HEIGHT "HEIGHT" true true false 2 Text 0 0 ,First,#,T2023접경임상도_240129_UTMK,HEIGHT,-1,-1,T2023일반임상도_240125_UTMK,HEIGHT,-1,-1;LDMARK_STN "LDMARK_STN" true true false 254 Text 0 0 ,First,#,T2023접경임상도_240129_UTMK,LDMARK_STN,-1,-1,T2023일반임상도_240125_UTMK,LDMARK_STN,-1,-1;MAP_LABEL "MAP_LABEL" true true false 10 Text 0 0 ,First,#,T2023접경임상도_240129_UTMK,MAP_LABEL,-1,-1,T2023일반임상도_240125_UTMK,MAP_LABEL,-1,-1;갱신년도 "갱신년도" true true false 8 Text 0 0 ,First,#,T2023접경임상도_240129_UTMK,갱신년도,-1,-1,T2023일반임상도_240125_UTMK,갱신년도,-1,-1;ETC_PCMTT "ETC_PCMTT" true true false 100 Text 0 0 ,First,#,T2023접경임상도_240129_UTMK,ETC_PCMTT,-1,-1,T2023일반임상도_240125_UTMK,ETC_PCMTT,-1,-1;FRTP_NM "FRTP_NM" true true false 255 Text 0 0 ,First,#,T2023접경임상도_240129_UTMK,FRTP_NM,-1,-1,T2023일반임상도_240125_UTMK,FRTP_NM,-1,-1;KOFTR_NM "KOFTR_NM" true true false 255 Text 0 0 ,First,#,T2023접경임상도_240129_UTMK,KOFTR_NM,-1,-1,T2023일반임상도_240125_UTMK,KOFTR_NM,-1,-1;DMCLS_NM "DMCLS_NM" true true false 255 Text 0 0 ,First,#,T2023접경임상도_240129_UTMK,DMCLS_NM,-1,-1,T2023일반임상도_240125_UTMK,DMCLS_NM,-1,-1;AGCLS_NM "AGCLS_NM" true true false 255 Text 0 0 ,First,#,T2023접경임상도_240129_UTMK,AGCLS_NM,-1,-1,T2023일반임상도_240125_UTMK,AGCLS_NM,-1,-1;DNST_NM "DNST_NM" true true false 255 Text 0 0 ,First,#,T2023접경임상도_240129_UTMK,DNST_NM,-1,-1,T2023일반임상도_240125_UTMK,DNST_NM,-1,-1;Shape_Length "Shape_Length" false true true 8 Double 0 0 ,First,#,T2023접경임상도_240129_UTMK,Shape_Length,-1,-1,T2023일반임상도_240125_UTMK,Shape_Length,-1,-1;Shape_Area "Shape_Area" false true true 8 Double 0 0 ,First,#,T2023접경임상도_240129_UTMK,Shape_Area,-1,-1,T2023일반임상도_240125_UTMK,Shape_Area,-1,-1"</Process><Process ToolSource="c:\program files\arcgis\pro\Resources\ArcToolbox\toolboxes\Data Management Tools.tbx\RepairGeometry" Date="20240415" Time="153511">RepairGeometry T2023전국임상도_240129_UTMK DELETE_NULL Esri</Process><Process ToolSource="c:\program files\arcgis\pro\Resources\ArcToolbox\toolboxes\Conversion Tools.tbx\FeatureClassToFeatureClass" Date="20240415" Time="155525">FeatureClassToFeatureClass T2023전국임상도_240129_UTMK D:\00.데이터현행화\20240415_임상도현행화\00.원본\임상도_20240415_5179.gdb TB_FGDI_IM5000 # "STORUNST "STORUNST" true true false 254 Text 0 0,First,#,T2023전국임상도_240129_UTMK,STORUNST,0,254;FROR_CD "FROR_CD" true true false 254 Text 0 0,First,#,T2023전국임상도_240129_UTMK,FROR_CD,0,254;FRTP_CD "FRTP_CD" true true false 254 Text 0 0,First,#,T2023전국임상도_240129_UTMK,FRTP_CD,0,254;KOFTR_GROU "KOFTR_GROU" true true false 254 Text 0 0,First,#,T2023전국임상도_240129_UTMK,KOFTR_GROU,0,254;DMCLS_CD "DMCLS_CD" true true false 254 Text 0 0,First,#,T2023전국임상도_240129_UTMK,DMCLS_CD,0,254;AGCLS_CD "AGCLS_CD" true true false 254 Text 0 0,First,#,T2023전국임상도_240129_UTMK,AGCLS_CD,0,254;DNST_CD "DNST_CD" true true false 254 Text 0 0,First,#,T2023전국임상도_240129_UTMK,DNST_CD,0,254;HEIGHT "HEIGHT" true true false 2 Text 0 0,First,#,T2023전국임상도_240129_UTMK,HEIGHT,0,2;LDMARK_STN "LDMARK_STN" true true false 254 Text 0 0,First,#,T2023전국임상도_240129_UTMK,LDMARK_STN,0,254;MAP_LABEL "MAP_LABEL" true true false 10 Text 0 0,First,#,T2023전국임상도_240129_UTMK,MAP_LABEL,0,10;갱신년도 "갱신년도" true true false 8 Text 0 0,First,#,T2023전국임상도_240129_UTMK,갱신년도,0,8;ETC_PCMTT "ETC_PCMTT" true true false 100 Text 0 0,First,#,T2023전국임상도_240129_UTMK,ETC_PCMTT,0,100;FRTP_NM "FRTP_NM" true true false 255 Text 0 0,First,#,T2023전국임상도_240129_UTMK,FRTP_NM,0,255;KOFTR_NM "KOFTR_NM" true true false 255 Text 0 0,First,#,T2023전국임상도_240129_UTMK,KOFTR_NM,0,255;DMCLS_NM "DMCLS_NM" true true false 255 Text 0 0,First,#,T2023전국임상도_240129_UTMK,DMCLS_NM,0,255;AGCLS_NM "AGCLS_NM" true true false 255 Text 0 0,First,#,T2023전국임상도_240129_UTMK,AGCLS_NM,0,255;DNST_NM "DNST_NM" true true false 255 Text 0 0,First,#,T2023전국임상도_240129_UTMK,DNST_NM,0,255;Shape_Length "Shape_Length" false true true 8 Double 0 0,First,#,T2023전국임상도_240129_UTMK,Shape_Length,-1,-1;Shape_Area "Shape_Area" false true true 8 Double 0 0,First,#,T2023전국임상도_240129_UTMK,Shape_Area,-1,-1" #</Process><Process ToolSource="c:\program files\arcgis\pro\Resources\ArcToolbox\toolboxes\Analysis Tools.tbx\PairwiseErase" Date="20240415" Time="160725">PairwiseErase TB_FGDI_IM5000 doyeop D:\00.데이터현행화\20240415_임상도현행화\TB_FGDI_IM5000_접경제외.gdb\TB_FGDI_IM5000 #</Process><Process ToolSource="c:\program files\arcgis\pro\Resources\ArcToolbox\toolboxes\Analysis Tools.tbx\PairwiseErase" Date="20240605" Time="132709">PairwiseErase TB_FGDI_IM5000 접경지역특별법_INDEX D:\00.데이터현행화\20240415_임상도현행화\TB_FGDI_IM5000_접경제외.gdb\TB_FGDI_IM5000_2 #</Process><Process ToolSource="c:\program files\arcgis\pro\Resources\ArcToolbox\toolboxes\Data Management Tools.tbx\Rename" Date="20240605" Time="133027">Rename D:\00.데이터현행화\20240415_임상도현행화\TB_FGDI_IM5000_접경제외.gdb\TB_FGDI_IM5000_2 D:\00.데이터현행화\20240415_임상도현행화\TB_FGDI_IM5000_접경제외.gdb\TB_FGDI_IM5000 FeatureClass</Process><Process ToolSource="c:\program files\arcgis\pro\Resources\ArcToolbox\toolboxes\Analysis Tools.tbx\Clip" Date="20240606" Time="005746">Clip TB_FGDI_IM5000 in_memory\idx11680 "D:\00.데이터현행화\20240415_임상도현행화\02.유통파일\접경지역조정 재작업\TB_FGDI_IM5000\sgg\11680.shp" #</Process></lineage><itemProps><itemName Sync="TRUE">11680</itemName><imsContentType Sync="TRUE">002</imsContentType><itemLocation><linkage Sync="TRUE">file://\\DESKTOP-IVACG99\D$\00.데이터현행화\20240415_임상도현행화\02.유통파일\접경지역조정 재작업\TB_FGDI_IM5000\sgg\11680.shp</linkage><protocol Sync="TRUE">Local Area Network</protocol></itemLocation><itemSize Sync="TRUE">0.000</itemSize></itemProps><coordRef><type Sync="TRUE">Projected</type><geogcsn Sync="TRUE">GCS_Korea_2000</geogcsn><csUnits Sync="TRUE">Linear Unit: Meter (1.000000)</csUnits><projcsn Sync="TRUE">Korea_2000_Korea_Unified_Coordinate_System</projcsn><peXml Sync="TRUE">&lt;ProjectedCoordinateSystem xsi:type='typens:ProjectedCoordinateSystem' xmlns:xsi='http://www.w3.org/2001/XMLSchema-instance' xmlns:xs='http://www.w3.org/2001/XMLSchema' xmlns:typens='http://www.esri.com/schemas/ArcGIS/2.9.0'&gt;&lt;WKT&gt;PROJCS[&amp;quot;Korea_2000_Korea_Unified_Coordinate_System&amp;quot;,GEOGCS[&amp;quot;GCS_Korea_2000&amp;quot;,DATUM[&amp;quot;D_Korea_2000&amp;quot;,SPHEROID[&amp;quot;GRS_1980&amp;quot;,6378137.0,298.257222101]],PRIMEM[&amp;quot;Greenwich&amp;quot;,0.0],UNIT[&amp;quot;Degree&amp;quot;,0.0174532925199433]],PROJECTION[&amp;quot;Transverse_Mercator&amp;quot;],PARAMETER[&amp;quot;False_Easting&amp;quot;,1000000.0],PARAMETER[&amp;quot;False_Northing&amp;quot;,2000000.0],PARAMETER[&amp;quot;Central_Meridian&amp;quot;,127.5],PARAMETER[&amp;quot;Scale_Factor&amp;quot;,0.9996],PARAMETER[&amp;quot;Latitude_Of_Origin&amp;quot;,38.0],UNIT[&amp;quot;Meter&amp;quot;,1.0],AUTHORITY[&amp;quot;EPSG&amp;quot;,5179]]&lt;/WKT&gt;&lt;XOrigin&gt;-4620900&lt;/XOrigin&gt;&lt;YOrigin&gt;-12203900&lt;/YOrigin&gt;&lt;XYScale&gt;450445547.3910538&lt;/XYScale&gt;&lt;ZOrigin&gt;-100000&lt;/ZOrigin&gt;&lt;ZScale&gt;10000&lt;/ZScale&gt;&lt;MOrigin&gt;-100000&lt;/MOrigin&gt;&lt;MScale&gt;10000&lt;/MScale&gt;&lt;XYTolerance&gt;0.001&lt;/XYTolerance&gt;&lt;ZTolerance&gt;0.001&lt;/ZTolerance&gt;&lt;MTolerance&gt;0.001&lt;/MTolerance&gt;&lt;HighPrecision&gt;true&lt;/HighPrecision&gt;&lt;WKID&gt;102080&lt;/WKID&gt;&lt;LatestWKID&gt;5179&lt;/LatestWKID&gt;&lt;/ProjectedCoordinateSystem&gt;</peXml></coordRef></DataProperties><SyncDate>20240606</SyncDate><SyncTime>00574500</SyncTime><ModDate>20240606</ModDate><ModTime>00574500</ModTime></Esri><dataIdInfo><envirDesc Sync="TRUE">Microsoft Windows 10 Version 10.0 (Build 19045) ; Esri ArcGIS 12.9.12.32739</envirDesc><dataLang><languageCode value="kor" Sync="TRUE"></languageCode><countryCode value="KOR" Sync="TRUE"></countryCode></dataLang><idCitation><resTitle Sync="TRUE">11680</resTitle><presForm><PresFormCd value="005" Sync="TRUE"></PresFormCd></presForm></idCitation><spatRpType><SpatRepTypCd value="001" Sync="TRUE"></SpatRepTypCd></spatRpType></dataIdInfo><mdLang><languageCode value="kor" Sync="TRUE"></languageCode><countryCode value="KOR" Sync="TRUE"></countryCode></mdLang><distInfo><distFormat><formatName Sync="TRUE">쉐이프파일</formatName></distFormat><distTranOps><transSize Sync="TRUE">0.000</transSize></distTranOps></distInfo><mdHrLv><ScopeCd value="005" Sync="TRUE"></ScopeCd></mdHrLv><mdHrLvName Sync="TRUE">dataset</mdHrLvName><refSysInfo><RefSystem><refSysID><identCode code="5179" Sync="TRUE"></identCode><idCodeSpace Sync="TRUE">EPSG</idCodeSpace><idVersion Sync="TRUE">7.5.6(10.1.0)</idVersion></refSysID></RefSystem></refSysInfo><spatRepInfo><VectSpatRep><geometObjs Name="11680"><geoObjTyp><GeoObjTypCd value="002" Sync="TRUE"></GeoObjTypCd></geoObjTyp><geoObjCnt Sync="TRUE">0</geoObjCnt></geometObjs><topLvl><TopoLevCd value="001" Sync="TRUE"></TopoLevCd></topLvl></VectSpatRep></spatRepInfo><spdoinfo><ptvctinf><esriterm Name="11680"><efeatyp Sync="TRUE">Simple</efeatyp><efeageom code="4" Sync="TRUE"></efeageom><esritopo Sync="TRUE">FALSE</esritopo><efeacnt Sync="TRUE">0</efeacnt><spindex Sync="TRUE">FALSE</spindex><linrefer Sync="TRUE">FALSE</linrefer></esriterm></ptvctinf></spdoinfo><eainfo><detailed Name="11680"><enttyp><enttypl Sync="TRUE">11680</enttypl><enttypt Sync="TRUE">Feature Class</enttypt><enttypc Sync="TRUE">0</enttypc></enttyp><attr><attrlabl Sync="TRUE">FID</attrlabl><attalias Sync="TRUE">FID</attalias><attrtype Sync="TRUE">OID</attrtype><attwidth Sync="TRUE">4</attwidth><atprecis Sync="TRUE">0</atprecis><attscale Sync="TRUE">0</attscale><attrdef Sync="TRUE">Internal feature number.</attrdef><attrdefs Sync="TRUE">Esri</attrdefs><attrdomv><udom Sync="TRUE">Sequential unique whole numbers that are automatically generated.</udom></attrdomv></attr><attr><attrlabl Sync="TRUE">Shape</attrlabl><attalias Sync="TRUE">Shape</attalias><attrtype Sync="TRUE">Geometry</attrtype><attwidth Sync="TRUE">0</attwidth><atprecis Sync="TRUE">0</atprecis><attscale Sync="TRUE">0</attscale><attrdef Sync="TRUE">Feature geometry.</attrdef><attrdefs Sync="TRUE">Esri</attrdefs><attrdomv><udom Sync="TRUE">Coordinates defining the features.</udom></attrdomv></attr><attr><attrlabl Sync="TRUE">STORUNST</attrlabl><attalias Sync="TRUE">STORUNST</attalias><attrtype Sync="TRUE">String</attrtype><attwidth Sync="TRUE">254</attwidth><atprecis Sync="TRUE">0</atprecis><attscale Sync="TRUE">0</attscale></attr><attr><attrlabl Sync="TRUE">FROR_CD</attrlabl><attalias Sync="TRUE">FROR_CD</attalias><attrtype Sync="TRUE">String</attrtype><attwidth Sync="TRUE">254</attwidth><atprecis Sync="TRUE">0</atprecis><attscale Sync="TRUE">0</attscale></attr><attr><attrlabl Sync="TRUE">FRTP_CD</attrlabl><attalias Sync="TRUE">FRTP_CD</attalias><attrtype Sync="TRUE">String</attrtype><attwidth Sync="TRUE">254</attwidth><atprecis Sync="TRUE">0</atprecis><attscale Sync="TRUE">0</attscale></attr><attr><attrlabl Sync="TRUE">KOFTR_GROU</attrlabl><attalias Sync="TRUE">KOFTR_GROU</attalias><attrtype Sync="TRUE">String</attrtype><attwidth Sync="TRUE">254</attwidth><atprecis Sync="TRUE">0</atprecis><attscale Sync="TRUE">0</attscale></attr><attr><attrlabl Sync="TRUE">DMCLS_CD</attrlabl><attalias Sync="TRUE">DMCLS_CD</attalias><attrtype Sync="TRUE">String</attrtype><attwidth Sync="TRUE">254</attwidth><atprecis Sync="TRUE">0</atprecis><attscale Sync="TRUE">0</attscale></attr><attr><attrlabl Sync="TRUE">AGCLS_CD</attrlabl><attalias Sync="TRUE">AGCLS_CD</attalias><attrtype Sync="TRUE">String</attrtype><attwidth Sync="TRUE">254</attwidth><atprecis Sync="TRUE">0</atprecis><attscale Sync="TRUE">0</attscale></attr><attr><attrlabl Sync="TRUE">DNST_CD</attrlabl><attalias Sync="TRUE">DNST_CD</attalias><attrtype Sync="TRUE">String</attrtype><attwidth Sync="TRUE">254</attwidth><atprecis Sync="TRUE">0</atprecis><attscale Sync="TRUE">0</attscale></attr><attr><attrlabl Sync="TRUE">HEIGHT</attrlabl><attalias Sync="TRUE">HEIGHT</attalias><attrtype Sync="TRUE">String</attrtype><attwidth Sync="TRUE">2</attwidth><atprecis Sync="TRUE">0</atprecis><attscale Sync="TRUE">0</attscale></attr><attr><attrlabl Sync="TRUE">LDMARK_STN</attrlabl><attalias Sync="TRUE">LDMARK_STN</attalias><attrtype Sync="TRUE">String</attrtype><attwidth Sync="TRUE">254</attwidth><atprecis Sync="TRUE">0</atprecis><attscale Sync="TRUE">0</attscale></attr><attr><attrlabl Sync="TRUE">MAP_LABEL</attrlabl><attalias Sync="TRUE">MAP_LABEL</attalias><attrtype Sync="TRUE">String</attrtype><attwidth Sync="TRUE">10</attwidth><atprecis Sync="TRUE">0</atprecis><attscale Sync="TRUE">0</attscale></attr><attr><attrlabl Sync="TRUE">갱신년도</attrlabl><attalias Sync="TRUE">갱신년도</attalias><attrtype Sync="TRUE">String</attrtype><attwidth Sync="TRUE">8</attwidth><atprecis Sync="TRUE">0</atprecis><attscale Sync="TRUE">0</attscale></attr><attr><attrlabl Sync="TRUE">ETC_PCMTT</attrlabl><attalias Sync="TRUE">ETC_PCMTT</attalias><attrtype Sync="TRUE">String</attrtype><attwidth Sync="TRUE">100</attwidth><atprecis Sync="TRUE">0</atprecis><attscale Sync="TRUE">0</attscale></attr><attr><attrlabl Sync="TRUE">FRTP_NM</attrlabl><attalias Sync="TRUE">FRTP_NM</attalias><attrtype Sync="TRUE">String</attrtype><attwidth Sync="TRUE">254</attwidth><atprecis Sync="TRUE">0</atprecis><attscale Sync="TRUE">0</attscale></attr><attr><attrlabl Sync="TRUE">KOFTR_NM</attrlabl><attalias Sync="TRUE">KOFTR_NM</attalias><attrtype Sync="TRUE">String</attrtype><attwidth Sync="TRUE">254</attwidth><atprecis Sync="TRUE">0</atprecis><attscale Sync="TRUE">0</attscale></attr><attr><attrlabl Sync="TRUE">DMCLS_NM</attrlabl><attalias Sync="TRUE">DMCLS_NM</attalias><attrtype Sync="TRUE">String</attrtype><attwidth Sync="TRUE">254</attwidth><atprecis Sync="TRUE">0</atprecis><attscale Sync="TRUE">0</attscale></attr><attr><attrlabl Sync="TRUE">AGCLS_NM</attrlabl><attalias Sync="TRUE">AGCLS_NM</attalias><attrtype Sync="TRUE">String</attrtype><attwidth Sync="TRUE">254</attwidth><atprecis Sync="TRUE">0</atprecis><attscale Sync="TRUE">0</attscale></attr><attr><attrlabl Sync="TRUE">DNST_NM</attrlabl><attalias Sync="TRUE">DNST_NM</attalias><attrtype Sync="TRUE">String</attrtype><attwidth Sync="TRUE">254</attwidth><atprecis Sync="TRUE">0</atprecis><attscale Sync="TRUE">0</attscale></attr><attr><attrlabl Sync="TRUE">Shape_Leng</attrlabl><attalias Sync="TRUE">Shape_Leng</attalias><attrtype Sync="TRUE">Double</attrtype><attwidth Sync="TRUE">19</attwidth><atprecis Sync="TRUE">0</atprecis><attscale Sync="TRUE">0</attscale></attr><attr><attrlabl Sync="TRUE">Shape_Area</attrlabl><attalias Sync="TRUE">Shape_Area</attalias><attrtype Sync="TRUE">Double</attrtype><attwidth Sync="TRUE">19</attwidth><atprecis Sync="TRUE">0</atprecis><attscale Sync="TRUE">0</attscale><attrdef Sync="TRUE">Area of feature in internal units squared.</attrdef><attrdefs Sync="TRUE">Esri</attrdefs><attrdomv><udom Sync="TRUE">Positive real numbers that are automatically generated.</udom></attrdomv></attr></detailed></eainfo><mdDateSt Sync="TRUE">20240606</mdDateSt></metadata>
